EmpID,Name,Department,Salary
1,A,IT,55000.00000000001
2,B,HR,44000.0
3,C,IT,66000.0
4,D,Finance,49500.00000000001
