RollNo,Name,Marks1,Marks2,Marks3,Total,Percentage,Grade
1,Alice,85,78,92,255,85.0,A
2,Bob,70,65,60,195,65.0,B
3,Charlie,95,88,91,274,91.33333333333333,A
4,David,60,55,58,173,57.666666666666664,C
5,Eva,82,79,85,246,82.0,A
6,Frank,50,45,40,135,45.0,C
7,Grace,88,90,84,262,87.33333333333333,A
8,Helen,76,72,80,228,76.0,A
9,Ian,67,70,65,202,67.33333333333333,B
10,Jake,91,89,93,273,91.0,A
